{
  "accuracy": 0.5994686983108616,
  "balanced_accuracy": 0.39651503371660085,
  "macro_f1": 0.4030132510867532,
  "weighted_f1": 0.5466822922710578,
  "cohens_kappa": 0.28980707678731943,
  "mcc": 0.3321423806446785,
  "per_class_f1": [
    0.6101208278502214,
    0.699092242438657,
    0.19956537486417963,
    0.10327455919395466
  ],
  "class_names": [
    "Vacant (Not Blighted)",
    "Noticeable Evidence of Blight",
    "Significant Evidence of Blight",
    "Extreme Evidence of Blight"
  ],
  "classification_report": {
    "0": {
      "precision": 0.7616487455197133,
      "recall": 0.5088804629814409,
      "f1-score": 0.6101208278502214,
      "support": 5011.0
    },
    "1": {
      "precision": 0.5746122768148052,
      "recall": 0.8924197955672503,
      "f1-score": 0.699092242438657,
      "support": 9881.0
    },
    "2": {
      "precision": 0.4721508140531277,
      "recall": 0.12652123995407577,
      "f1-score": 0.19956537486417963,
      "support": 4355.0
    },
    "3": {
      "precision": 0.45555555555555555,
      "recall": 0.05823863636363636,
      "f1-score": 0.10327455919395466,
      "support": 704.0
    },
    "accuracy": 0.5994686983108616,
    "macro avg": {
      "precision": 0.5659918479858005,
      "recall": 0.39651503371660085,
      "f1-score": 0.4030132510867532,
      "support": 19951.0
    },
    "weighted avg": {
      "precision": 0.5950224889639044,
      "recall": 0.5994686983108616,
      "f1-score": 0.5466822922710578,
      "support": 19951.0
    }
  },
  "timestamp": "2025-08-04T13:12:24.594726"
}